Year,Score
2005,6.446259259
2006,5.196898876
2007,5.41827451
2008,5.418509091
2009,5.457666667
2010,5.496806452
2011,5.424082192
2012,5.443753521
2013,5.394562044
2014,5.38902069
2015,5.404034965
2016,5.399478873
2017,5.460408163
2018,5.499443662
2019,5.570868056
2020,5.8406