Year,Happiness Score
2005,6.446259259
2006,-1.249360383
2007,0.221375633
2008,0.000234581
2009,0.039157576
2010,0.039139785
2011,-0.07272426
2012,0.019671329
2013,-0.049191477
2014,-0.005541354
2015,0.015014275
2016,-0.004556092
2017,0.06092929
2018,0.039035499
2019,0.071424394
2020,0.269731944